source,target,color,size,comparison,regulation,log2FC,p_value,q_value
ATP6V0B,L2/3,#d9534f,6.0,Elderly_vs_Adult,Downregulated,-1.43700245727797,0.0,0.0
ATP6V0B,ast,#d9534f,1.8192540411060059,Elderly_vs_Adult,Downregulated,-0.684531758113121,1.85165428246797e-86,5.50478301634903e-82
ATP6V0B,oli,#d9534f,1.3068547004277864,Elderly_vs_Adult,Downregulated,-0.608953984051865,0.0,0.0
ATP6V0B,opc,#d9534f,3.121032038359164,Elderly_vs_Adult,Downregulated,-0.876541145213598,3.89954989360469e-72,1.15929718786974e-67
ATP6V0B,L4,#d9534f,5.302680710331714,Elderly_vs_Adult,Downregulated,-1.19832951869811,0.0,0.0
ATP6V0B,L5/6,#d9534f,2.6289444928316468,Elderly_vs_Adult,Downregulated,-0.803959316195219,3.1728189703659e-72,9.43247351700077e-68
ATP6V0B,L5/6-CC,#d9534f,3.9706466011126547,Elderly_vs_Adult,Downregulated,-1.00185742172938,1.27316278083624e-164,3.78498563114805e-160
ATP6V0B,ext,#d9534f,5.611673337672144,Elderly_vs_Adult,Downregulated,-1.24390525059663,0.0,0.0
ATP6V0B,inb,#d9534f,4.0354784498024046,Elderly_vs_Adult,Downregulated,-1.01141997660262,0.0,0.0
ATP6V0B,inb-sst,#d9534f,2.5825856126320135,Elderly_vs_Adult,Downregulated,-0.797121483482899,1.42872147386105e-103,4.2474460696415e-99
ATP6V0B,inb-pv,#d9534f,4.137805954333638,Elderly_vs_Adult,Downregulated,-1.02651305811884,2.85490820936128e-145,8.48735661561015e-141
ATP6V0B,inb-vip,#d9534f,4.731264029243519,Elderly_vs_Adult,Downregulated,-1.11404681692696,3.83080690098667e-158,1.13886058359433e-153
ATP6V0B,inb-sv2c,#d9534f,4.58870606974738,Elderly_vs_Adult,Downregulated,-1.09301983192114,9.64040776230826e-51,2.86599682365662e-46
ATP6V0B,micro,#d9534f,1.658026911884599,Elderly_vs_Adult,Downregulated,-0.660751111696379,9.02756582671848e-66,2.68380504462514e-61
NDUFC2,L2/3,#d9534f,3.9372664708629808,Elderly_vs_Adult,Downregulated,-0.996933926045709,0.0,0.0
NDUFC2,ast,#d9534f,1.1903589820955949,Elderly_vs_Adult,Downregulated,-0.591771122209068,5.55318135404279e-75,1.65090528474338e-70
NDUFC2,oli,#d9534f,1.0,Elderly_vs_Adult,Downregulated,-0.524974737994978,2.99454285470216e-254,8.90247645274406e-250
NDUFC2,opc,#d9534f,2.33774378631386,Elderly_vs_Adult,Downregulated,-0.761007853426846,3.04599668014974e-54,9.05544353041716e-50
NDUFC2,L4,#d9534f,3.894731432165472,Elderly_vs_Adult,Downregulated,-0.990660101531977,0.0,0.0
NDUFC2,L5/6,#d9534f,3.414471273734363,Elderly_vs_Adult,Downregulated,-0.919822786057515,1.54861837752489e-67,4.60388757454373e-63
NDUFC2,L5/6-CC,#d9534f,3.0246105386751716,Elderly_vs_Adult,Downregulated,-0.862319186402881,2.2527972418786e-106,6.69734092038088e-102
NDUFC2,ext,#d9534f,3.86080994036078,Elderly_vs_Adult,Downregulated,-0.985656756211426,0.0,0.0
NDUFC2,inb,#d9534f,3.543251601197321,Elderly_vs_Adult,Downregulated,-0.93881760068715,0.0,0.0
NDUFC2,inb-sst,#d9534f,2.908306176434011,Elderly_vs_Adult,Downregulated,-0.845164549162001,2.15820681949034e-99,6.41613305366283e-95
NDUFC2,inb-pv,#d9534f,4.306623199346926,Elderly_vs_Adult,Downregulated,-1.05141322989574,4.6649215040189e-124,1.38683451392978e-119
NDUFC2,inb-vip,#d9534f,3.3001712055418198,Elderly_vs_Adult,Downregulated,-0.902963777773843,8.95287592816898e-88,2.66160048468535e-83
NDUFC2,inb-sv2c,#d9534f,3.5901297579716163,Elderly_vs_Adult,Downregulated,-0.945732025550395,1.801571102594e-30,5.35589073090169e-26
NDUFC2,micro,#d9534f,1.276741904533137,Elderly_vs_Adult,Downregulated,-0.604512412988432,2.63648867186492e-59,7.83801717258723e-55
HSPA8,L2/3,#d9534f,6.0,Elderly_vs_Adult,Downregulated,-1.61900764118162,0.0,0.0
HSPA8,ast,#d9534f,3.3090736289934672,Elderly_vs_Adult,Downregulated,-0.904276865623128,2.32596245899953e-247,6.9148537943597e-243
HSPA8,oli,#d9534f,3.9659246686637926,Elderly_vs_Adult,Downregulated,-1.00116094709442,0.0,0.0
HSPA8,opc,#d9534f,4.218179287784473,Elderly_vs_Adult,Downregulated,-1.0383679477603,1.59695789433595e-127,4.74759612407134e-123
HSPA8,L4,#d9534f,5.329461467501558,Elderly_vs_Adult,Downregulated,-1.20227962138929,0.0,0.0
HSPA8,L5/6,#d9534f,5.0203598671445135,Elderly_vs_Adult,Downregulated,-1.15668781621086,9.55286542360543e-120,2.83997136178366e-115
HSPA8,L5/6-CC,#d9534f,4.839996429332773,Elderly_vs_Adult,Downregulated,-1.13008460642959,1.11177169424505e-196,3.30518606982111e-192
HSPA8,ext,#d9534f,6.0,Elderly_vs_Adult,Downregulated,-1.38046068058981,0.0,0.0
HSPA8,inb,#d9534f,6.0,Elderly_vs_Adult,Downregulated,-1.35353981604468,0.0,0.0
HSPA8,inb-sst,#d9534f,4.319228035541441,Elderly_vs_Adult,Downregulated,-1.0532724154691,2.8984437445796e-147,8.6167834082607e-143
HSPA8,inb-pv,#d9534f,6.0,Elderly_vs_Adult,Downregulated,-1.41014377443123,1.06079254288514e-258,3.15363015074323e-254
HSPA8,inb-vip,#d9534f,6.0,Elderly_vs_Adult,Downregulated,-1.51897020050547,7.07842703973548e-301,2.10434557464296e-296
HSPA8,inb-sv2c,#d9534f,6.0,Elderly_vs_Adult,Downregulated,-1.41092717267549,3.96082673972034e-95,1.17751418145146e-90
HSPA8,micro,#d9534f,3.6175041508370427,Elderly_vs_Adult,Downregulated,-0.949769688199041,8.99490335562308e-165,2.67409481859318e-160
PRDX2,L2/3,#d9534f,4.692198365558523,Elderly_vs_Adult,Downregulated,-1.1082847175854,0.0,0.0
PRDX2,ast,#d9534f,2.998660146960292,Elderly_vs_Adult,Downregulated,-0.858491560787219,4.25869259736127e-145,1.26606672226953e-140
PRDX2,oli,#d9534f,3.1461822376975785,Elderly_vs_Adult,Downregulated,-0.880250744216357,0.0,0.0
PRDX2,opc,#d9534f,3.9488696763877513,Elderly_vs_Adult,Downregulated,-0.998645373301626,5.32098808163735e-80,1.58187654678997e-75
PRDX2,L4,#d9534f,4.292347881692027,Elderly_vs_Adult,Downregulated,-1.04930765198663,0.0,0.0
PRDX2,L5/6,#d9534f,3.3792577643785147,Elderly_vs_Adult,Downregulated,-0.914628870994163,3.042941579005e-62,9.04636102022396e-58
PRDX2,L5/6-CC,#d9534f,3.5367653068771236,Elderly_vs_Adult,Downregulated,-0.93786088656262,6.6028609240104e-108,1.96296452409905e-103
PRDX2,ext,#d9534f,4.413923535119482,Elderly_vs_Adult,Downregulated,-1.06723979306614,0.0,0.0
PRDX2,inb,#d9534f,5.003447357628937,Elderly_vs_Adult,Downregulated,-1.15419325831138,0.0,0.0
PRDX2,inb-sst,#d9534f,3.6949142824054744,Elderly_vs_Adult,Downregulated,-0.961187512090046,3.65191616775775e-112,1.0856781575127e-107
PRDX2,inb-pv,#d9534f,6.0,Elderly_vs_Adult,Downregulated,-1.35647104865117,1.38877284600108e-229,4.12868279387662e-225
PRDX2,inb-vip,#d9534f,4.6934421430061395,Elderly_vs_Adult,Downregulated,-1.10846817201919,3.01918112921103e-119,8.97572357903146e-115
PRDX2,inb-sv2c,#d9534f,5.566404229457647,Elderly_vs_Adult,Downregulated,-1.23722815685162,1.94772255758249e-62,5.79038439143699e-58
PRDX2,micro,#d9534f,3.9459166838518067,Elderly_vs_Adult,Downregulated,-0.998209813407285,9.22662809931173e-116,2.74298426764438e-111
oli,MDH1,#d9534f,3.416057628718919,Elderly_vs_Adult,Downregulated,-0.92005676992339,0.0,0.0
oli,ATP5F1B,#d9534f,1.3038124948138605,Elderly_vs_Adult,Downregulated,-0.608505265425036,4.46960830828208e-296,1.32876985396918e-291
oli,NDUFB8,#d9534f,1.0,Elderly_vs_Adult,Downregulated,-0.525029525399675,0.0,0.0
oli,AP2M1,#d9534f,2.013882652007927,Elderly_vs_Adult,Downregulated,-0.713239049502551,0.0,0.0
oli,SOD1,#d9534f,1.0537707007868367,Elderly_vs_Adult,Downregulated,-0.571624651586165,0.0,0.0
oli,THY1,#d9534f,1.9924655843469903,Elderly_vs_Adult,Downregulated,-0.710080079199056,0.0,0.0
oli,CKB,#d9534f,2.0667884897721995,Elderly_vs_Adult,Downregulated,-0.72104254403433,0.0,0.0
oli,GAPDH,#d9534f,3.6159011810386135,Elderly_vs_Adult,Downregulated,-0.949533253684718,0.0,0.0
oli,STMN2,#d9534f,2.6087176139856054,Elderly_vs_Adult,Downregulated,-0.80097589612023,0.0,0.0
oli,TUBA1A,#d9534f,2.375659031029306,Elderly_vs_Adult,Downregulated,-0.766600268504485,0.0,0.0
oli,STMN1,#d9534f,1.0,Elderly_vs_Adult,Downregulated,-0.507322968567177,0.0,0.0
oli,TUBB2A,#d9534f,6.0,Elderly_vs_Adult,Downregulated,-1.63849075279057,0.0,0.0
oli,NRGN,#d9534f,4.954143335406467,Elderly_vs_Adult,Downregulated,-1.14692102363811,0.0,0.0
oli,YWHAH,#d9534f,3.285918435550826,Elderly_vs_Adult,Downregulated,-0.900861525595492,0.0,0.0
oli,VAMP2,#d9534f,2.9240725037343793,Elderly_vs_Adult,Downregulated,-0.847490047709493,0.0,0.0
oli,NDUFA4,#d9534f,1.8814776678545178,Elderly_vs_Adult,Downregulated,-0.693709605995295,0.0,0.0
oli,UBB,#d9534f,1.5055436320127875,Elderly_vs_Adult,Downregulated,-0.638260163798169,0.0,0.0
oli,OAZ1,#d9534f,1.2074870349602072,Elderly_vs_Adult,Downregulated,-0.594297472277742,0.0,0.0
oli,COX5B,#d9534f,1.0,Elderly_vs_Adult,Downregulated,-0.535070604958116,4.16970145331071e-304,1.23961054505474e-299
oli,CFL1,#d9534f,1.2707307726414014,Elderly_vs_Adult,Downregulated,-0.603625784275435,0.0,0.0
oli,UBC,#d9534f,1.3577372651631092,Elderly_vs_Adult,Downregulated,-0.616459050268643,0.0,0.0
oli,YWHAB,#d9534f,1.1490045727023892,Elderly_vs_Adult,Downregulated,-0.585671437917087,0.0,0.0
oli,TPI1,#d9534f,3.712323682974624,Elderly_vs_Adult,Downregulated,-0.9637553603254,0.0,0.0
oli,LDHB,#d9534f,1.964171468523897,Elderly_vs_Adult,Downregulated,-0.705906759440076,0.0,0.0
oli,CALM3,#d9534f,1.8821454298693059,Elderly_vs_Adult,Downregulated,-0.693808099421562,0.0,0.0
oli,GUK1,#d9534f,1.9144193226469315,Elderly_vs_Adult,Downregulated,-0.698568427514873,0.0,0.0
oli,COX4I1,#d9534f,1.0,Elderly_vs_Adult,Downregulated,-0.552303648265625,0.0,0.0
oli,SCG5,#d9534f,1.5709650038774026,Elderly_vs_Adult,Downregulated,-0.647909672041128,0.0,0.0
oli,GPX4,#d9534f,1.517995320555503,Elderly_vs_Adult,Downregulated,-0.640096760430235,0.0,0.0
oli,ATP5F1D,#d9534f,2.9039917527695813,Elderly_vs_Adult,Downregulated,-0.844528181175104,0.0,0.0
oli,CHCHD2,#d9534f,1.0,Elderly_vs_Adult,Downregulated,-0.510968300417674,0.0,0.0
oli,CCDC85B,#d9534f,1.554221504631497,Elderly_vs_Adult,Downregulated,-0.645440042784137,0.0,0.0
oli,EDF1,#d9534f,1.6724671464249417,Elderly_vs_Adult,Downregulated,-0.662881014482821,0.0,0.0
oli,RNASEK,#d9534f,1.055319528875565,Elderly_vs_Adult,Downregulated,-0.571853100317568,0.0,0.0
oli,PARK7,#d9534f,1.5706931248861613,Elderly_vs_Adult,Downregulated,-0.647869570488802,0.0,0.0
oli,GABARAPL2,#d9534f,1.0,Elderly_vs_Adult,Downregulated,-0.542965538142563,3.62891182804657e-285,1.07883919735997e-280
ATP5F1D,L2/3,#d9534f,4.674123809153783,Elderly_vs_Adult,Downregulated,-1.10561876032947,0.0,0.0
ATP5F1D,ast,#d9534f,1.2481964311363731,Elderly_vs_Adult,Downregulated,-0.600302018541014,1.38438424722532e-119,4.11563592857616e-115
ATP5F1D,opc,#d9534f,3.6489046680779227,Elderly_vs_Adult,Downregulated,-0.954401195324512,5.82152957187042e-87,1.73068252642136e-82
ATP5F1D,L4,#d9534f,2.9213889938354005,Elderly_vs_Adult,Downregulated,-0.847094235910501,1.13745313661741e-306,3.3815344298499e-302
ATP5F1D,L5/6,#d9534f,2.5788208106599466,Elderly_vs_Adult,Downregulated,-0.796566183484945,7.23261546404463e-56,2.15018425130583e-51
ATP5F1D,L5/6-CC,#d9534f,2.4722258841596134,Elderly_vs_Adult,Downregulated,-0.780843666628356,2.38456749534371e-97,7.08908070690731e-93
ATP5F1D,ext,#d9534f,3.6909499858455694,Elderly_vs_Adult,Downregulated,-0.960602787079823,0.0,0.0
ATP5F1D,inb,#d9534f,3.0365636507424263,Elderly_vs_Adult,Downregulated,-0.864082244103057,0.0,0.0
ATP5F1D,inb-sst,#d9534f,1.5306616745657156,Elderly_vs_Adult,Downregulated,-0.641965019745902,1.00325222240668e-79,2.9825685319928e-75
ATP5F1D,inb-pv,#d9534f,3.873417894721562,Elderly_vs_Adult,Downregulated,-0.987516401707442,8.86441439187433e-134,2.63530175456032e-129
ATP5F1D,inb-vip,#d9534f,3.4517632034461707,Elderly_vs_Adult,Downregulated,-0.925323263545126,2.7803460281691e-97,8.26569070714392e-93
ATP5F1D,inb-sv2c,#d9534f,3.8027681767128323,Elderly_vs_Adult,Downregulated,-0.977095723924977,1.3727728352963e-42,4.08111636205236e-38
ATP5F1D,micro,#d9534f,3.006549984758995,Elderly_vs_Adult,Downregulated,-0.85965529448317,2.56992324834798e-105,7.64012482501372e-101
COX5B,L2/3,#d9534f,2.9151076678507586,Elderly_vs_Adult,Downregulated,-0.846167754163971,0.0,0.0
COX5B,ast,#d9534f,1.7963785459644774,Elderly_vs_Adult,Downregulated,-0.681157672968793,9.20735893239635e-118,2.73725573701211e-113
COX5B,opc,#d9534f,3.2828836439307447,Elderly_vs_Adult,Downregulated,-0.900413900516424,1.99225323672585e-81,5.92276964746227e-77
COX5B,L4,#d9534f,3.5517344708406764,Elderly_vs_Adult,Downregulated,-0.940068805273885,0.0,0.0
COX5B,L5/6,#d9534f,3.6867809561366434,Elderly_vs_Adult,Downregulated,-0.959987864381096,1.92480377956134e-60,5.7222491562579e-56
COX5B,L5/6-CC,#d9534f,2.8182149581785505,Elderly_vs_Adult,Downregulated,-0.831876292917951,1.14269443390152e-108,3.39711628254582e-104
COX5B,ext,#d9534f,3.345270388069129,Elderly_vs_Adult,Downregulated,-0.909615807854297,0.0,0.0
COX5B,inb,#d9534f,2.711049159943655,Elderly_vs_Adult,Downregulated,-0.816069573738003,3.68154269126124e-282,1.09448582668505e-277
COX5B,inb-sst,#d9534f,2.170331502813312,Elderly_vs_Adult,Downregulated,-0.736314910378293,1.95825289747881e-91,5.82169003891474e-87
COX5B,inb-pv,#d9534f,3.5697052206486615,Elderly_vs_Adult,Downregulated,-0.942719451285454,5.97226357613439e-132,1.77549423854899e-127
COX5B,inb-vip,#d9534f,2.094592455691009,Elderly_vs_Adult,Downregulated,-0.725143567762107,2.93203502480716e-65,8.71664692524921e-61
COX5B,inb-sv2c,#d9534f,3.985027964052919,Elderly_vs_Adult,Downregulated,-1.00397864108449,1.40183612903718e-31,4.16751862801464e-27
COX5B,micro,#d9534f,2.689186747744801,Elderly_vs_Adult,Downregulated,-0.812844916096149,1.71981495917078e-107,5.11283789211881e-103
NDUFB8,L2/3,#d9534f,3.2610748891488743,Elderly_vs_Adult,Downregulated,-0.897197157225381,0.0,0.0
NDUFB8,ast,#d9534f,1.0,Elderly_vs_Adult,Downregulated,-0.55877103432366,8.36835576243676e-89,2.48782848461482e-84
NDUFB8,opc,#d9534f,2.288862694877987,Elderly_vs_Adult,Downregulated,-0.753798000112987,4.02227903575612e-76,1.19578333453994e-71
NDUFB8,L4,#d9534f,3.388857923538961,Elderly_vs_Adult,Downregulated,-0.916044873323557,0.0,0.0
NDUFB8,L5/6,#d9534f,2.9729601712598157,Elderly_vs_Adult,Downregulated,-0.854700870982077,1.04622170476021e-99,3.11031250608162e-95
NDUFB8,L5/6-CC,#d9534f,2.719767044563252,Elderly_vs_Adult,Downregulated,-0.817355442516054,4.57506797352688e-162,1.36012195784981e-157
NDUFB8,ext,#d9534f,3.2393538625651295,Elderly_vs_Adult,Downregulated,-0.893993353650318,0.0,0.0
NDUFB8,inb,#d9534f,2.5433177579824426,Elderly_vs_Adult,Downregulated,-0.791329561419441,0.0,0.0
NDUFB8,inb-sst,#d9534f,2.2736772977673283,Elderly_vs_Adult,Downregulated,-0.751558187488832,1.6439925673772e-115,4.88742550355569e-111
NDUFB8,inb-pv,#d9534f,3.2496126107810306,Elderly_vs_Adult,Downregulated,-0.895506496414683,4.44162865108466e-175,1.32045178168096e-170
NDUFB8,inb-vip,#d9534f,2.517425675851662,Elderly_vs_Adult,Downregulated,-0.787510536338992,1.57952339323927e-106,4.69576509576103e-102
NDUFB8,inb-sv2c,#d9534f,2.1609594885628427,Elderly_vs_Adult,Downregulated,-0.734932558920574,7.34285558434865e-34,2.18295753667101e-29
NDUFB8,micro,#d9534f,1.5143685152030857,Elderly_vs_Adult,Downregulated,-0.639561814629707,1.83787197841334e-68,5.46380960462501e-64
TUBB2A,L2/3,#d9534f,6.0,Elderly_vs_Adult,Downregulated,-1.31283831876853,0.0,0.0
TUBB2A,opc,#d9534f,6.0,Elderly_vs_Adult,Downregulated,-1.31304717089069,5.03224298347208e-143,1.49603551655642e-138
TUBB2A,L4,#d9534f,6.0,Elderly_vs_Adult,Downregulated,-1.47365680482874,0.0,0.0
TUBB2A,L5/6,#d9534f,6.0,Elderly_vs_Adult,Downregulated,-1.50610235560756,3.35616784097202e-192,9.9775513744257e-188
TUBB2A,L5/6-CC,#d9534f,6.0,Elderly_vs_Adult,Downregulated,-1.57916104904655,2.161238516576e-285,6.42514598592879e-281
TUBB2A,ext,#d9534f,6.0,Elderly_vs_Adult,Downregulated,-1.48757284578474,0.0,0.0
TUBB2A,inb,#d9534f,5.946296793101139,Elderly_vs_Adult,Downregulated,-1.29326147317985,0.0,0.0
TUBB2A,inb-sst,#d9534f,5.297513695220228,Elderly_vs_Adult,Downregulated,-1.19756739535082,1.52525973944056e-189,4.53444467938284e-185
TUBB2A,inb-pv,#d9534f,5.672514103236286,Elderly_vs_Adult,Downregulated,-1.25287912950021,2.47027388929649e-198,7.34387724548952e-194
TUBB2A,inb-vip,#d9534f,6.0,Elderly_vs_Adult,Downregulated,-1.38237965797981,5.42558962201956e-199,1.61297353873019e-194
TUBB2A,inb-sv2c,#d9534f,5.783270100678988,Elderly_vs_Adult,Downregulated,-1.26921539515499,1.19617906273539e-63,3.55612073560603e-59
TUBB2A,micro,#d9534f,5.6911909605796005,Elderly_vs_Adult,Downregulated,-1.25563392481786,1.5727383683075e-194,4.67559389514137e-190
TUBB2A,ast,#d9534f,4.589484802239683,Elderly_vs_Adult,Downregulated,-1.0931346932484,9.0916842735163e-263,2.70286681767366e-258
ast,MDH1,#d9534f,3.384838164794246,Elderly_vs_Adult,Downregulated,-0.915451967763244,9.17413850652693e-172,2.72737963660539e-167
ast,ATP5F1B,#d9534f,1.266197080550043,Elderly_vs_Adult,Downregulated,-0.60295707467856,1.06351985720584e-103,3.16173818348725e-99
ast,AP2M1,#d9534f,1.0,Elderly_vs_Adult,Downregulated,-0.527075498691886,1.37743113059108e-67,4.09496500813423e-63
ast,SOD1,#d9534f,1.817841922450667,Elderly_vs_Adult,Downregulated,-0.684323473722006,8.016769233757e-131,2.38330532550362e-126
ast,THY1,#d9534f,3.308975691841798,Infant_vs_Adult,Downregulated,-0.904262420108988,7.80327522183319e-163,2.31983569069879e-158
ast,CKB,#d9534f,1.2350588374614748,Elderly_vs_Adult,Downregulated,-0.59836425241283,0.0,0.0
ast,GAPDH,#d9534f,3.146916765908702,Elderly_vs_Adult,Downregulated,-0.880359085509514,3.09094261327947e-285,9.18906329501854e-281
ast,STMN2,#d9534f,1.0004366184133997,Elderly_vs_Adult,Downregulated,-0.563757991917851,5.73423228928049e-136,1.7047299172802e-131
ast,TUBA1A,#d9534f,3.3202932516943737,Elderly_vs_Adult,Downregulated,-0.905931735257463,1.11983772119207e-196,3.32916556133191e-192
ast,STMN1,#d9534f,2.0012873432839324,Elderly_vs_Adult,Downregulated,-0.711381269210106,7.39850592289248e-210,2.19950182581671e-205
ast,NRGN,#d9534f,3.4979271781789,Elderly_vs_Adult,Downregulated,-0.932132348130406,0.0,0.0
ast,YWHAH,#d9534f,2.8931529217448086,Elderly_vs_Adult,Downregulated,-0.842929477474209,2.23928394843191e-261,6.65716725029323e-257
ast,VAMP2,#d9534f,2.437020696800865,Elderly_vs_Adult,Downregulated,-0.775650979041245,3.73700400050437e-213,1.11097391930995e-208
ast,NDUFA4,#d9534f,2.3892560426242095,Elderly_vs_Adult,Downregulated,-0.768605797763886,4.88415353222612e-211,1.4520100035955e-206
ast,UBB,#d9534f,2.7118347537077048,Elderly_vs_Adult,Downregulated,-0.816185447087732,9.85550910260285e-205,2.9299443011128e-200
ast,OAZ1,#d9534f,1.0501886947474075,Elderly_vs_Adult,Downregulated,-0.571096313585621,1.83406749062131e-93,5.45249924286811e-89
ast,CFL1,#d9534f,1.7111561774422683,Elderly_vs_Adult,Downregulated,-0.668587561335528,1.3639285107064e-131,4.05482306947906e-127
ast,UBC,#d9534f,1.5177987722712376,Infant_vs_Adult,Downregulated,-0.640067769991253,3.18563255897871e-179,9.47056703458781e-175
ast,YWHAB,#d9534f,1.0480407167991825,Elderly_vs_Adult,Downregulated,-0.570779491569721,2.73762693005505e-121,8.13869110036066e-117
ast,TPI1,#d9534f,2.1841054369904436,Elderly_vs_Adult,Downregulated,-0.738346535328856,1.23873896404602e-127,3.68264706621241e-123
ast,LDHB,#d9534f,1.4623180871893466,Elderly_vs_Adult,Downregulated,-0.631884491151876,1.17627867885313e-87,3.49695888436247e-83
ast,CALM3,#d9534f,1.0886556899789726,Elderly_vs_Adult,Downregulated,-0.576770110649018,1.04832146273127e-169,3.11655487655378e-165
ast,EDF1,#d9534f,2.6045918438052027,Elderly_vs_Adult,Downregulated,-0.80036735410667,8.79508488361547e-110,2.61469078505004e-105
ast,SCG5,#d9534f,1.9741642884535662,Elderly_vs_Adult,Downregulated,-0.707380678367996,2.15293177895215e-109,6.40045088564684e-105
ast,COX4I1,#d9534f,1.0,Elderly_vs_Adult,Downregulated,-0.530796464833763,8.44790636483044e-109,2.51147808320044e-104
ast,CHCHD2,#d9534f,1.1411523124575311,Elderly_vs_Adult,Downregulated,-0.584513246827554,3.70342863051234e-102,1.10099229756501e-97
ast,PARK7,#d9534f,1.884634442003672,Elderly_vs_Adult,Downregulated,-0.694175223228704,3.58883449848567e-98,1.0669246080548e-93
ast,GUK1,#d9534f,1.601609769164558,Elderly_vs_Adult,Downregulated,-0.652429707418159,7.03032697587963e-93,2.09004590665925e-88
ast,CCDC85B,#d9534f,1.0,Elderly_vs_Adult,Downregulated,-0.522854223176706,7.49042437036418e-87,2.22682826106557e-82
ast,GPX4,#d9534f,1.0,Elderly_vs_Adult,Downregulated,-0.556351442323056,2.13951984988485e-86,6.36057856172267e-82
ast,RNASEK,#d9534f,1.0,Elderly_vs_Adult,Downregulated,-0.549629298271814,2.93929027856649e-78,8.73821606915031e-74
ast,GABARAPL2,#d9534f,1.38313575539556,Elderly_vs_Adult,Downregulated,-0.620205271631349,3.00850939870249e-77,8.94399759140265e-73
GUK1,L2/3,#d9534f,4.985254159256474,Elderly_vs_Adult,Downregulated,-1.15150980162655,0.0,0.0
GUK1,opc,#d9534f,4.240524728895592,Elderly_vs_Adult,Downregulated,-1.04166385110272,1.75520823382921e-89,5.21805855835086e-85
GUK1,L4,#d9534f,5.887065589438055,Elderly_vs_Adult,Downregulated,-1.28452500111121,0.0,0.0
GUK1,L5/6,#d9534f,4.15266036355793,Elderly_vs_Adult,Downregulated,-1.02870405075884,5.35953544183839e-122,1.59333629150414e-117
GUK1,L5/6-CC,#d9534f,4.4033193319015025,Elderly_vs_Adult,Downregulated,-1.06567569644992,8.04417961060699e-234,2.39145415643735e-229
GUK1,ext,#d9534f,5.118553672128114,Elderly_vs_Adult,Downregulated,-1.17117118614932,0.0,0.0
GUK1,inb,#d9534f,3.5407765328529934,Elderly_vs_Adult,Downregulated,-0.938452533558324,0.0,0.0
GUK1,inb-sst,#d9534f,2.826319958856369,Elderly_vs_Adult,Downregulated,-0.833071762664621,1.36880431439169e-118,4.06931834625505e-114
GUK1,inb-pv,#d9534f,4.121722795668464,Elderly_vs_Adult,Downregulated,-1.02414082764294,1.01823982851611e-139,3.02712518619554e-135
GUK1,inb-vip,#d9534f,3.914346167556257,Elderly_vs_Adult,Downregulated,-0.993553231795716,1.55624847074932e-118,4.62657107869065e-114
GUK1,inb-sv2c,#d9534f,2.8556238411440806,Elderly_vs_Adult,Downregulated,-0.837394020752867,6.05901496060688e-35,1.80128455763882e-30
GUK1,micro,#d9534f,2.2736197034396675,Elderly_vs_Adult,Downregulated,-0.751549692452368,9.26791827458069e-69,2.75525942385009e-64
RNASEK,L2/3,#d9534f,5.370881308783708,Elderly_vs_Adult,Downregulated,-1.20838895674076,0.0,0.0
RNASEK,opc,#d9534f,2.308153751407861,Elderly_vs_Adult,Downregulated,-0.756643388457726,3.51325849965727e-58,1.04445661936311e-53
RNASEK,L4,#d9534f,5.213748620699259,Elderly_vs_Adult,Downregulated,-1.18521223137268,0.0,0.0
RNASEK,L5/6,#d9534f,3.3404062373263708,Elderly_vs_Adult,Downregulated,-0.908898356334259,1.38856147737579e-74,4.12805441609049e-70
RNASEK,L5/6-CC,#d9534f,3.1192214081405827,Elderly_vs_Adult,Downregulated,-0.876274081244727,1.68324929591019e-114,5.00413183181141e-110
RNASEK,ext,#d9534f,4.904519743835646,Elderly_vs_Adult,Downregulated,-1.13960165318989,0.0,0.0
RNASEK,inb,#d9534f,4.192251933851888,Elderly_vs_Adult,Downregulated,-1.03454372016678,0.0,0.0
RNASEK,inb-sst,#d9534f,3.8574992304525115,Elderly_vs_Adult,Downregulated,-0.98516843379263,5.46838256646314e-136,1.62569545318383e-131
RNASEK,inb-pv,#d9534f,4.8931593759939815,Elderly_vs_Adult,Downregulated,-1.13792602395732,7.25520201326513e-166,2.15689900652359e-161
RNASEK,inb-vip,#d9534f,4.085468976247439,Elderly_vs_Adult,Downregulated,-1.01879346913652,4.50706961686359e-127,1.33990672639738e-122
RNASEK,inb-sv2c,#d9534f,3.253524119676975,Elderly_vs_Adult,Downregulated,-0.89608343536075,7.79528882666689e-35,2.3174614152798e-30
RNASEK,micro,#d9534f,1.4114701756659125,Elderly_vs_Adult,Downregulated,-0.624384536207519,1.35115435728379e-69,4.01684678876898e-65
TPI1,L2/3,#d9534f,4.297259171222562,Elderly_vs_Adult,Downregulated,-1.05003205637403,0.0,0.0
TPI1,opc,#d9534f,4.131288117327131,Elderly_vs_Adult,Downregulated,-1.02555169151756,4.10552777134519e-90,1.22053235114321e-85
TPI1,L4,#d9534f,6.0,Elderly_vs_Adult,Downregulated,-1.33485224456734,0.0,0.0
TPI1,L5/6,#d9534f,5.819870136348002,Elderly_vs_Adult,Downregulated,-1.27461381979536,1.38525701206738e-121,4.11823057117513e-117
TPI1,L5/6-CC,#d9534f,5.726980623949636,Elderly_vs_Adult,Downregulated,-1.26091282132918,2.21921367462357e-190,6.5975003332884e-186
TPI1,ext,#d9534f,5.380269705983658,Elderly_vs_Adult,Downregulated,-1.20977372464744,0.0,0.0
TPI1,inb,#d9534f,3.96828841792748,Elderly_vs_Adult,Downregulated,-1.00150959490406,0.0,0.0
TPI1,inb-sst,#d9534f,2.776799479658958,Elderly_vs_Adult,Downregulated,-0.825767601064348,5.71291831819781e-97,1.69839348681703e-92
TPI1,inb-pv,#d9534f,5.22493381313741,Elderly_vs_Adult,Downregulated,-1.1868620226191,1.04553967645102e-167,3.10828490412125e-163
TPI1,inb-vip,#d9534f,3.616563542677323,Elderly_vs_Adult,Downregulated,-0.949630950567409,2.58881468830336e-90,7.69628718685705e-86
TPI1,inb-sv2c,#d9534f,5.108121784392021,Elderly_vs_Adult,Downregulated,-1.16963250568711,2.43355778635144e-38,7.2347239430442e-34
TPI1,micro,#d9534f,3.0421235073811146,Elderly_vs_Adult,Downregulated,-0.864902310710277,1.51929480526962e-99,4.51671152658604e-95
NDUFA4,L2/3,#d9534f,3.0513326547390247,Elderly_vs_Adult,Downregulated,-0.866260639660099,0.0,0.0
NDUFA4,opc,#d9534f,3.4432339681205444,Elderly_vs_Adult,Downregulated,-0.924065220122388,2.24048584963507e-129,6.6607403823801e-125
NDUFA4,L4,#d9534f,3.491534898843826,Elderly_vs_Adult,Downregulated,-0.93118950100909,0.0,0.0
NDUFA4,L5/6,#d9534f,2.1446927304280123,Elderly_vs_Adult,Downregulated,-0.732533247927324,2.46659366875707e-66,7.33293631784789e-62
NDUFA4,L5/6-CC,#d9534f,1.5554824192555277,Elderly_vs_Adult,Downregulated,-0.645626024913699,2.37579190610336e-91,7.06299175765466e-87
NDUFA4,ext,#d9534f,3.1134896600115187,Elderly_vs_Adult,Downregulated,-0.875428661021311,0.0,0.0
NDUFA4,inb,#d9534f,2.531740874987021,Elderly_vs_Adult,Downregulated,-0.789621996678621,0.0,0.0
NDUFA4,inb-sst,#d9534f,1.8520995731399477,Elderly_vs_Adult,Downregulated,-0.689376401737559,8.88204577115426e-104,2.64054338730645e-99
NDUFA4,inb-pv,#d9534f,3.610970414100304,Elderly_vs_Adult,Downregulated,-0.948805976422575,1.22980593237839e-165,3.65609005636771e-161
NDUFA4,inb-vip,#d9534f,1.9298712015518162,Elderly_vs_Adult,Downregulated,-0.700847545616683,1.48167196219311e-98,4.40486257640388e-94
NDUFA4,inb-sv2c,#d9534f,3.2610434913636777,Elderly_vs_Adult,Downregulated,-0.897192526121226,2.93640879655562e-64,8.72964971128019e-60
NDUFA4,micro,#d9534f,2.5849683882793246,Elderly_vs_Adult,Downregulated,-0.797472937642213,7.15206553593791e-153,2.12623756317898e-148
opc,MDH1,#d9534f,4.460356285981005,Elderly_vs_Adult,Downregulated,-1.07408852153837,1.14545161115388e-108,3.40531309479938e-104
opc,ATP5F1B,#d9534f,1.0,Elderly_vs_Adult,Downregulated,-0.562469986833566,3.23218041506932e-43,9.60894915595958e-39
opc,AP2M1,#d9534f,1.7391180517924352,Elderly_vs_Adult,Downregulated,-0.672711876209097,1.10571934890714e-49,3.28719305236602e-45
opc,SOD1,#d9534f,3.0797761102962693,Elderly_vs_Adult,Downregulated,-0.870455986700908,1.87186023096663e-94,5.56485328064071e-90
opc,THY1,#d9534f,2.4660665954447394,Elderly_vs_Adult,Downregulated,-0.779935185110299,1.50067783651505e-90,4.4613651401756e-86
opc,CKB,#d9534f,1.4097793799931873,Elderly_vs_Adult,Downregulated,-0.624135147570196,2.64127178782919e-80,7.8522368980374e-76
opc,GAPDH,#d9534f,4.22879290914073,Elderly_vs_Adult,Downregulated,-1.03993343353117,6.73095122438288e-154,2.00104448949679e-149
opc,STMN2,#d9534f,1.8625472662695417,Elderly_vs_Adult,Downregulated,-0.690917413460495,3.2160070993636e-86,9.56086750569805e-82
opc,TUBA1A,#d9534f,4.978826970129051,Elderly_vs_Adult,Downregulated,-1.15056180538776,5.26369812224321e-147,1.56484481476168e-142
opc,STMN1,#d9534f,2.3018261672312033,Elderly_vs_Adult,Downregulated,-0.755710083729769,3.89085456826375e-109,1.15671215459913e-104
opc,NRGN,#d9534f,5.8834066882982405,Elderly_vs_Adult,Downregulated,-1.28398532125274,1.91163076343245e-213,5.68308709660834e-209
opc,YWHAH,#d9534f,4.226481986471984,Elderly_vs_Adult,Downregulated,-1.03959257752792,4.72710322352186e-149,1.40532051732081e-144
opc,VAMP2,#d9534f,3.7602522871480337,Elderly_vs_Adult,Downregulated,-0.970824723866139,4.80278452531803e-152,1.4278198115318e-147
opc,UBB,#d9534f,2.741465309552901,Elderly_vs_Adult,Downregulated,-0.820555888806126,1.33058669790045e-105,3.95570119418826e-101
opc,OAZ1,#d9534f,3.869355540389955,Elderly_vs_Adult,Downregulated,-0.98691721339189,4.89338024754392e-110,1.45475301379233e-105
opc,CFL1,#d9534f,2.976648778952681,Elderly_vs_Adult,Downregulated,-0.855244932491686,1.47917527855505e-86,4.39744018561631e-82
opc,UBC,#d9534f,3.4006840773091396,Elderly_vs_Adult,Downregulated,-0.917789204954572,3.73207979626783e-114,1.10951000263246e-109
opc,YWHAB,#d9534f,2.1986357597536745,Elderly_vs_Adult,Downregulated,-0.740489725929732,1.7897667673766e-84,5.32079762273388e-80
opc,LDHB,#d9534f,2.865370587693447,Elderly_vs_Adult,Downregulated,-0.838831644399231,2.68632630015548e-67,7.98617945773223e-63
opc,CALM3,#d9534f,2.0061971322570207,Elderly_vs_Adult,Downregulated,-0.712105452268588,2.36000161435543e-112,7.01604879931727e-108
opc,COX4I1,#d9534f,1.6009842165124533,Elderly_vs_Adult,Downregulated,-0.652337439779911,8.54201501829004e-72,2.53945564478745e-67
opc,SCG5,#d9534f,2.148959180048557,Elderly_vs_Adult,Downregulated,-0.733162539848423,2.78221656572448e-63,8.2712516282423e-59
opc,GPX4,#d9534f,3.7968619343759276,Elderly_vs_Adult,Downregulated,-0.976224566190272,1.56556105500589e-80,4.654256460427e-76
opc,CHCHD2,#d9534f,2.926563354743305,Elderly_vs_Adult,Downregulated,-0.847857442746582,1.05400272473241e-86,3.13344470035698e-82
opc,CCDC85B,#d9534f,1.6715914668502831,Elderly_vs_Adult,Downregulated,-0.662751853674464,9.23688211513588e-55,2.74603268400875e-50
opc,EDF1,#d9534f,2.6856470273711475,Elderly_vs_Adult,Downregulated,-0.812322815138162,1.24349140574983e-58,3.69677560015368e-54
opc,PARK7,#d9534f,2.737982625799286,Elderly_vs_Adult,Downregulated,-0.820042200623957,5.36198131256612e-69,1.59406342441278e-64
opc,GABARAPL2,#d9534f,2.444903385410084,Elderly_vs_Adult,Downregulated,-0.776813658247495,3.38200868900996e-54,1.00543736315577e-49
inb,MDH1,#d9534f,2.6759303234306184,Elderly_vs_Adult,Downregulated,-0.810889622710425,0.0,0.0
inb,ATP5F1B,#d9534f,2.2567485823986826,Elderly_vs_Adult,Downregulated,-0.749061239261722,2.18244743172531e-278,6.48819796977619e-274
inb,AP2M1,#d9534f,2.6255307035707194,Elderly_vs_Adult,Downregulated,-0.803455789798964,0.0,0.0
inb,SOD1,#d9534f,1.5723694478332597,Elderly_vs_Adult,Downregulated,-0.648116824430975,2.08732539121702e-221,6.20540965554908e-217
inb,THY1,#d9534f,3.4102988287831337,Elderly_vs_Adult,Downregulated,-0.919207359618071,0.0,0.0
inb,CKB,#d9534f,2.674772349032553,Elderly_vs_Adult,Downregulated,-0.810718824037441,0.0,0.0
inb,GAPDH,#d9534f,5.440728604548897,Elderly_vs_Adult,Downregulated,-1.21869127900984,0.0,0.0
inb,STMN2,#d9534f,1.0556588371152869,Elderly_vs_Adult,Downregulated,-0.571903147535515,2.19589613092893e-235,6.52817960763862e-231
inb,TUBA1A,#d9534f,5.0533005308103425,Elderly_vs_Adult,Downregulated,-1.16154649154145,0.0,0.0
inb,STMN1,#d9534f,1.6178428019394793,Elderly_vs_Adult,Downregulated,-0.654824043995111,6.37737486872792e-307,1.89592977472412e-302
inb,NRGN,#d9534f,2.4444195400147923,Elderly_vs_Adult,Downregulated,-0.776742292117481,5.20561035847745e-273,1.54757590347176e-268
inb,YWHAH,#d9534f,2.609408206013844,Elderly_vs_Adult,Downregulated,-0.801077756923192,0.0,0.0
inb,VAMP2,#d9534f,3.6195194208770123,Elderly_vs_Adult,Downregulated,-0.950066936090796,0.0,0.0
inb,UBB,#d9534f,2.460502882680288,Elderly_vs_Adult,Downregulated,-0.779114549733023,4.97000318744822e-300,1.47753224759648e-295
inb,OAZ1,#d9534f,2.6228436732070106,Elderly_vs_Adult,Downregulated,-0.803059458739179,0.0,0.0
inb,CFL1,#d9534f,1.5976457938126027,Elderly_vs_Adult,Downregulated,-0.651845029785401,1.3810072932633e-232,4.10559658214245e-228
inb,UBC,#d9534f,2.033447847373279,Elderly_vs_Adult,Downregulated,-0.716124872721663,4.5753240497317e-286,1.36019808674474e-281
inb,YWHAB,#d9534f,1.7039610601041013,Elderly_vs_Adult,Downregulated,-0.667526297377209,2.35803623188318e-296,7.01020591376551e-292
inb,LDHB,#d9534f,3.3288387455244854,Elderly_vs_Adult,Downregulated,-0.907192176773799,2.01326054318855e-304,5.98522226884524e-300
inb,CALM3,#d9534f,1.1098820138350665,Elderly_vs_Adult,Downregulated,-0.57990094666146,0.0,0.0
inb,COX4I1,#d9534f,1.9428399703541022,Elderly_vs_Adult,Downregulated,-0.702760410448036,0.0,0.0
inb,SCG5,#d9534f,3.610931187516524,Elderly_vs_Adult,Downregulated,-0.948800190587874,0.0,0.0
inb,GPX4,#d9534f,3.3986107651949036,Elderly_vs_Adult,Downregulated,-0.917483395984715,0.0,0.0
inb,CHCHD2,#d9534f,1.7759792749651262,Elderly_vs_Adult,Downregulated,-0.678148825430928,7.15924690590738e-230,2.12837251265721e-225
inb,CCDC85B,#d9534f,3.0194832760884935,Elderly_vs_Adult,Downregulated,-0.861562926465435,0.0,0.0
inb,EDF1,#d9534f,3.4872381748639056,Elderly_vs_Adult,Downregulated,-0.93055574368667,0.0,0.0
inb,PARK7,#d9534f,2.3534586756910216,Elderly_vs_Adult,Downregulated,-0.76332576499397,1.56792722163853e-217,4.66129083720919e-213
inb,GABARAPL2,#d9534f,2.5632608698480412,Elderly_vs_Adult,Downregulated,-0.794271126489883,2.24181597725315e-279,6.66469471877589e-275
ext,MDH1,#d9534f,2.3448078490022985,Elderly_vs_Adult,Downregulated,-0.762049787113011,0.0,0.0
ext,ATP5F1B,#d9534f,2.450102281466557,Elderly_vs_Adult,Downregulated,-0.777580483963945,0.0,0.0
ext,AP2M1,#d9534f,4.471030815342519,Elderly_vs_Adult,Downregulated,-1.07566299110585,0.0,0.0
ext,SOD1,#d9534f,2.973767948128407,Elderly_vs_Adult,Downregulated,-0.854820016290862,0.0,0.0
ext,THY1,#d9534f,4.292657384046583,Elderly_vs_Adult,Downregulated,-1.04935330290217,0.0,0.0
ext,CKB,#d9534f,3.794898720738232,Elderly_vs_Adult,Downregulated,-0.975934996503185,0.0,0.0
ext,GAPDH,#d9534f,6.0,Elderly_vs_Adult,Downregulated,-1.35585816518359,0.0,0.0
ext,STMN2,#d9534f,1.1827396918813007,Elderly_vs_Adult,Downregulated,-0.590647293685868,0.0,0.0
ext,TUBA1A,#d9534f,6.0,Elderly_vs_Adult,Downregulated,-1.33600150802316,0.0,0.0
ext,STMN1,#d9534f,3.509672005276112,Elderly_vs_Adult,Downregulated,-0.933864684256301,0.0,0.0
ext,NRGN,#d9534f,6.0,Elderly_vs_Adult,Downregulated,-1.36670384918124,0.0,0.0
ext,YWHAH,#d9534f,2.8459948740631145,Elderly_vs_Adult,Downregulated,-0.835973769318653,0.0,0.0
ext,VAMP2,#d9534f,4.908560652547583,Elderly_vs_Adult,Downregulated,-1.14019767832378,0.0,0.0
ext,UBB,#d9534f,3.279327936004484,Elderly_vs_Adult,Downregulated,-0.899889441429644,0.0,0.0
ext,OAZ1,#d9534f,3.9126020494518228,Elderly_vs_Adult,Downregulated,-0.993295978217172,0.0,0.0
ext,CFL1,#d9534f,2.8271363158351157,Elderly_vs_Adult,Downregulated,-0.833192173520754,0.0,0.0
ext,UBC,#d9534f,2.9761249188270744,Elderly_vs_Adult,Downregulated,-0.855167664277093,0.0,0.0
ext,YWHAB,#d9534f,1.9264014153904587,Elderly_vs_Adult,Downregulated,-0.700335759800962,0.0,0.0
ext,LDHB,#d9534f,3.6915005778419534,Elderly_vs_Adult,Downregulated,-0.960683998186472,0.0,0.0
ext,CALM3,#d9534f,2.6729597214120613,Elderly_vs_Adult,Downregulated,-0.810451465456188,0.0,0.0
ext,COX4I1,#d9534f,3.190581734145599,Elderly_vs_Adult,Downregulated,-0.886799572141351,0.0,0.0
ext,SCG5,#d9534f,3.0834382413638584,Elderly_vs_Adult,Downregulated,-0.87099614296661,0.0,0.0
ext,GPX4,#d9534f,4.588046354783728,Elderly_vs_Adult,Downregulated,-1.09292252541719,0.0,0.0
ext,CHCHD2,#d9534f,3.114330265955102,Elderly_vs_Adult,Downregulated,-0.875552648546343,0.0,0.0
ext,CCDC85B,#d9534f,4.799233409453775,Elderly_vs_Adult,Downregulated,-1.12407215078827,0.0,0.0
ext,EDF1,#d9534f,4.296544851791656,Elderly_vs_Adult,Downregulated,-1.04992669583144,0.0,0.0
ext,PARK7,#d9534f,2.9062052788810973,Elderly_vs_Adult,Downregulated,-0.844854671400703,0.0,0.0
ext,GABARAPL2,#d9534f,3.0469769659697357,Elderly_vs_Adult,Downregulated,-0.865618185161132,0.0,0.0
CKB,L2/3,#d9534f,5.259124458848125,Elderly_vs_Adult,Downregulated,-1.19190506754791,0.0,0.0
CKB,L4,#d9534f,3.3790079845736263,Elderly_vs_Adult,Downregulated,-0.914592029023145,0.0,0.0
CKB,L5/6,#d9534f,1.553097305039842,Elderly_vs_Adult,Downregulated,-0.645274225820701,1.61006615187992e-81,4.78656566292383e-77
CKB,L5/6-CC,#d9534f,1.4509524477346527,Elderly_vs_Adult,Downregulated,-0.630208084367996,8.62435536955636e-179,2.56393460781541e-174
CKB,inb-sst,#d9534f,1.5844656000281614,Elderly_vs_Adult,Downregulated,-0.649900980234897,5.42577347752405e-98,1.61302819713312e-93
CKB,inb-pv,#d9534f,3.6586654917286068,Elderly_vs_Adult,Downregulated,-0.955840895312312,8.06317301053221e-254,2.39710070430112e-249
CKB,inb-vip,#d9534f,2.688546947622651,Elderly_vs_Adult,Downregulated,-0.812750546987453,2.07185747708829e-163,6.15942509363579e-159
CKB,inb-sv2c,#d9534f,2.9514284082610724,Elderly_vs_Adult,Downregulated,-0.851524983368901,3.75940208053695e-75,1.11763264452283e-70
CKB,micro,#d9534f,2.8481535796576467,Elderly_vs_Adult,Downregulated,-0.836292173638753,6.16190069869409e-170,1.83187145871477e-165
inb-vip,MDH1,#d9534f,2.3101053820241364,Elderly_vs_Adult,Downregulated,-0.756931249674668,1.70424959919904e-81,5.06656363345883e-77
inb-vip,ATP5F1B,#d9534f,1.7013004931336277,Elderly_vs_Adult,Downregulated,-0.667133869609634,2.04463315253443e-59,6.07848989916961e-55
inb-vip,AP2M1,#d9534f,2.311769185611622,Elderly_vs_Adult,Downregulated,-0.757176657038875,3.27505864808826e-91,9.73642185490158e-87
inb-vip,SOD1,#d9534f,1.5448996559707324,Elderly_vs_Adult,Downregulated,-0.644065090640397,2.08566644504639e-54,6.20047777447842e-50
inb-vip,THY1,#d9534f,3.0513755345934297,Elderly_vs_Adult,Downregulated,-0.86626696434417,5.99529850712005e-166,1.78234229318172e-161
inb-vip,GAPDH,#d9534f,5.222507724208442,Elderly_vs_Adult,Downregulated,-1.18650417984615,2.67074766047666e-246,7.93986571983106e-242
inb-vip,STMN2,#d9534f,1.0,Elderly_vs_Adult,Downregulated,-0.54977285421026,2.31000552643561e-57,6.86741542954042e-53
inb-vip,TUBA1A,#d9534f,4.968011508100692,Elderly_vs_Adult,Downregulated,-1.14896654856236,3.81174556971554e-182,1.13319384042073e-177
inb-vip,STMN1,#d9534f,1.8893459331054179,Elderly_vs_Adult,Downregulated,-0.694870157787964,1.59968408922969e-85,4.75570082887096e-81
inb-vip,NRGN,#d9534f,1.971151871464934,Elderly_vs_Adult,Downregulated,-0.706936353497781,1.22703646144411e-56,3.6478566962272e-52
inb-vip,YWHAH,#d9534f,2.8382441882487193,Elderly_vs_Adult,Downregulated,-0.83483056023387,3.62209638110775e-134,1.07681303313952e-129
inb-vip,VAMP2,#d9534f,3.8036683842615657,Elderly_vs_Adult,Downregulated,-0.977228502555481,7.01498247872564e-251,2.08548414110034e-246
inb-vip,UBB,#d9534f,2.52810243708759,Elderly_vs_Adult,Downregulated,-0.789085335103032,7.93412818676494e-80,2.35873696864335e-75
inb-vip,OAZ1,#d9534f,2.108616146568271,Elderly_vs_Adult,Downregulated,-0.727212031275787,2.36861581822318e-95,7.04165796599568e-91
inb-vip,CFL1,#d9534f,1.2882040815723634,Elderly_vs_Adult,Downregulated,-0.606203058853382,1.25563248642914e-55,3.73286981890518e-51
inb-vip,UBC,#d9534f,1.814851980582016,Elderly_vs_Adult,Downregulated,-0.683882463882481,2.1193934758677e-74,6.30074486440707e-70
inb-vip,YWHAB,#d9534f,1.5299144519314898,Elderly_vs_Adult,Downregulated,-0.6418548060533,1.31771098879373e-77,3.91742299858488e-73
inb-vip,LDHB,#d9534f,2.991112475028861,Elderly_vs_Adult,Downregulated,-0.857378295802984,3.2084796584153e-83,9.53848917650285e-79
inb-vip,CALM3,#d9534f,1.0,Elderly_vs_Adult,Downregulated,-0.510062119798652,2.63363005076556e-80,7.82951877792092e-76
inb-vip,COX4I1,#d9534f,2.3510978685888855,Elderly_vs_Adult,Downregulated,-0.762977551146678,1.41602636532539e-96,4.20970478147586e-92
inb-vip,SCG5,#d9534f,3.897591028254114,Elderly_vs_Adult,Downregulated,-0.99108188565607,2.68783852861409e-156,7.99067516171683e-152
inb-vip,GPX4,#d9534f,3.2405482349894585,Elderly_vs_Adult,Downregulated,-0.894169520952,2.19185578464006e-131,6.51616806215643e-127
inb-vip,CHCHD2,#d9534f,1.2446293396469787,Elderly_vs_Adult,Downregulated,-0.599775880403747,8.61803731478428e-57,2.56205631331222e-52
inb-vip,CCDC85B,#d9534f,3.411736441337942,Elderly_vs_Adult,Downregulated,-0.919419404303201,2.01119879310341e-125,5.97909289201714e-121
inb-vip,EDF1,#d9534f,2.902759597953841,Elderly_vs_Adult,Downregulated,-0.844346441053914,3.04352017061114e-86,9.04808111520986e-82
inb-vip,PARK7,#d9534f,2.658900203303305,Elderly_vs_Adult,Downregulated,-0.808377717504781,8.86338252208429e-65,2.63499498999044e-60
inb-vip,GABARAPL2,#d9534f,2.205642281774664,Elderly_vs_Adult,Downregulated,-0.741523172494196,3.89128415476426e-70,1.15683986636987e-65
ATP5F1B,L2/3,#d9534f,2.687921180393125,Elderly_vs_Adult,Downregulated,-0.812658247699508,0.0,0.0
ATP5F1B,L4,#d9534f,2.7183870091460918,Elderly_vs_Adult,Downregulated,-0.817151890331899,2.96531463176228e-286,8.8155838687661e-282
ATP5F1B,L5/6,#d9534f,1.3383761179522016,Elderly_vs_Adult,Downregulated,-0.613603323702844,7.81849398598317e-49,2.32436007709294e-44
ATP5F1B,L5/6-CC,#d9534f,1.156295887764304,Elderly_vs_Adult,Downregulated,-0.586746890827759,2.1010084450498e-70,6.24608800628855e-66
ATP5F1B,inb-sst,#d9534f,1.4484361999446973,Elderly_vs_Adult,Downregulated,-0.629836943361648,1.69413642938094e-87,5.0364981909066e-83
ATP5F1B,inb-pv,#d9534f,3.364787261575491,Elderly_vs_Adult,Downregulated,-0.912494503705649,4.70155728410014e-134,1.39772596499013e-129
ATP5F1B,inb-sv2c,#d9534f,3.249923407750893,Elderly_vs_Adult,Downregulated,-0.895552338283129,8.52824231677924e-37,2.5353611583553e-32
ATP5F1B,micro,#d9534f,1.0,Elderly_vs_Adult,Downregulated,-0.538680115225954,1.75675207458277e-55,5.22264824252713e-51
STMN2,L2/3,#2c7be5,4.852417051432047,Infant_vs_Adult,Upregulated,1.13191662082968,0.0,0.0
STMN2,L4,#d9534f,1.646847808014993,Elderly_vs_Adult,Downregulated,-0.659102218500408,4.09532537001664e-281,1.21749927925225e-276
STMN2,L5/6,#d9534f,1.0631124794653086,Elderly_vs_Adult,Downregulated,-0.573002543363616,2.47200926524727e-51,7.3490363446536e-47
STMN2,L5/6-CC,#d9534f,1.5376018447558593,Elderly_vs_Adult,Downregulated,-0.642988679561473,2.55953856430847e-131,7.60925219783266e-127
STMN2,inb-sst,#d9534f,1.0,Elderly_vs_Adult,Downregulated,-0.537581228176672,3.44890670988738e-74,1.02532547578242e-69
STMN2,inb-pv,#d9534f,1.5029841950049199,Elderly_vs_Adult,Downregulated,-0.637882652477314,5.08828722508967e-116,1.51269690914691e-111
STMN2,inb-sv2c,#d9534f,1.4909904023403278,Elderly_vs_Adult,Downregulated,-0.63611359447864,1.55407328529692e-25,4.62010446985923e-21
STMN2,micro,#d9534f,1.4471972290942041,Elderly_vs_Adult,Downregulated,-0.629654197890346,2.551960703576e-91,7.58672397566109e-87
THY1,L2/3,#d9534f,4.487735336499881,Elderly_vs_Adult,Downregulated,-1.07812687118064,0.0,0.0
THY1,L4,#d9534f,4.614497396755194,Elderly_vs_Adult,Downregulated,-1.09682399584289,0.0,0.0
THY1,L5/6,#d9534f,3.0751089927987074,Elderly_vs_Adult,Downregulated,-0.869767597150521,2.72312812710243e-153,8.09558760906281e-149
THY1,L5/6-CC,#d9534f,3.4110198326701977,Elderly_vs_Adult,Downregulated,-0.91931370610322,1.08714324506656e-269,3.23196815325837e-265
THY1,inb-sst,#d9534f,3.708252181203949,Elderly_vs_Adult,Downregulated,-0.963154822782735,3.85030295240294e-185,1.14465656471987e-180
THY1,inb-pv,#d9534f,3.7923492666286744,Elderly_vs_Adult,Downregulated,-0.975558957637841,7.77961825972854e-209,2.3128027124347e-204
THY1,inb-sv2c,#d9534f,2.4705636812729006,Elderly_vs_Adult,Downregulated,-0.780598495363987,1.83278917754647e-44,5.44869894592791e-40
THY1,micro,#d9534f,1.0,Elderly_vs_Adult,Downregulated,-0.512975657011097,3.30362134032508e-59,9.82133588265242e-55
COX4I1,L2/3,#d9534f,3.5796716653269733,Elderly_vs_Adult,Downregulated,-0.944189479921897,0.0,0.0
COX4I1,L4,#d9534f,2.97060691064814,Elderly_vs_Adult,Downregulated,-0.854353770225505,0.0,0.0
COX4I1,L5/6,#d9534f,2.298170839134321,Elderly_vs_Adult,Downregulated,-0.755170930887261,7.15359114028724e-61,2.12669111009599e-56
COX4I1,L5/6-CC,#d9534f,2.321053514358589,Elderly_vs_Adult,Downregulated,-0.758546075077977,1.79128045792306e-118,5.32529767335947e-114
COX4I1,inb-sst,#d9534f,1.0,Elderly_vs_Adult,Downregulated,-0.549801138189136,1.19966038168361e-84,3.56647034870721e-80
COX4I1,inb-pv,#d9534f,2.6332245892616806,Elderly_vs_Adult,Downregulated,-0.804590620990657,8.50833523663097e-129,2.52944298249802e-124
COX4I1,inb-sv2c,#d9534f,1.9325518371488464,Elderly_vs_Adult,Downregulated,-0.701242933462469,1.07840342389381e-28,3.20598553889392e-24
COX4I1,micro,#d9534f,1.0,Elderly_vs_Adult,Downregulated,-0.545808372222221,1.92383121666492e-71,5.71935782402314e-67
SCG5,L2/3,#d9534f,3.183449893010285,Elderly_vs_Adult,Downregulated,-0.885747641283571,0.0,0.0
SCG5,L4,#d9534f,3.5975064069431673,Elderly_vs_Adult,Downregulated,-0.946820065024769,0.0,0.0
SCG5,L5/6,#d9534f,2.0301875993183724,Elderly_vs_Adult,Downregulated,-0.715643993315083,3.03130532688437e-60,9.01176760629455e-56
SCG5,L5/6-CC,#d9534f,1.2946879807203713,Elderly_vs_Adult,Downregulated,-0.60715941969529,2.5712680473742e-98,7.64412277803877e-94
SCG5,inb-sst,#d9534f,3.7352989336206863,Elderly_vs_Adult,Downregulated,-0.96714415918691,8.98559237277054e-165,2.67132675650095e-160
SCG5,inb-pv,#d9534f,2.7521604151228636,Elderly_vs_Adult,Downregulated,-0.822133393319028,8.46935927798532e-100,2.51785581975226e-95
SCG5,inb-sv2c,#d9534f,2.704930052369758,Elderly_vs_Adult,Downregulated,-0.815167018849731,7.10615704818097e-36,2.11258942885372e-31
SCG5,micro,#d9534f,2.0243769772860434,Elderly_vs_Adult,Downregulated,-0.714786939364675,6.62628298523466e-74,1.96992766868041e-69
L2/3,MDH1,#d9534f,1.7516014725198559,Elderly_vs_Adult,Downregulated,-0.674553153268509,0.0,0.0
L2/3,AP2M1,#d9534f,4.918699798163281,Elderly_vs_Adult,Downregulated,-1.14169317996807,0.0,0.0
L2/3,SOD1,#d9534f,2.5871726916393314,Elderly_vs_Adult,Downregulated,-0.79779806753228,0.0,0.0
L2/3,GAPDH,#d9534f,6.0,Elderly_vs_Adult,Downregulated,-1.34532505826432,0.0,0.0
L2/3,TUBA1A,#d9534f,5.99710534883435,Elderly_vs_Adult,Downregulated,-1.30075562323184,0.0,0.0
L2/3,STMN1,#d9534f,3.1578093695966936,Elderly_vs_Adult,Downregulated,-0.881965720559786,0.0,0.0
L2/3,CCDC85B,#d9534f,5.965605606989089,Elderly_vs_Adult,Downregulated,-1.29610948069579,0.0,0.0
L2/3,EDF1,#d9534f,4.830405295571682,Elderly_vs_Adult,Downregulated,-1.12866993532672,0.0,0.0
L2/3,GPX4,#d9534f,4.5965309981019455,Elderly_vs_Adult,Downregulated,-1.09417399161706,0.0,0.0
L2/3,CHCHD2,#d9534f,3.1996372194356955,Elderly_vs_Adult,Downregulated,-0.88813523627465,0.0,0.0
L2/3,GABARAPL2,#d9534f,2.8922692182220504,Elderly_vs_Adult,Downregulated,-0.842799133151182,0.0,0.0
L2/3,UBB,#d9534f,3.740843150235442,Elderly_vs_Adult,Downregulated,-0.967961918925051,0.0,0.0
L2/3,OAZ1,#d9534f,3.415503035674851,Elderly_vs_Adult,Downregulated,-0.919974968671021,0.0,0.0
L2/3,PARK7,#d9534f,2.749770397209425,Elderly_vs_Adult,Downregulated,-0.821780870941413,0.0,0.0
L2/3,UBC,#d9534f,3.8578515672732014,Elderly_vs_Adult,Downregulated,-0.985220402697571,0.0,0.0
L2/3,CFL1,#d9534f,2.74295785396839,Elderly_vs_Adult,Downregulated,-0.820776035819705,0.0,0.0
L2/3,LDHB,#d9534f,3.6100147267253244,Elderly_vs_Adult,Downregulated,-0.948665014639908,0.0,0.0
L2/3,VAMP2,#d9534f,4.753087534830605,Elderly_vs_Adult,Downregulated,-1.11726573592928,0.0,0.0
L2/3,CALM3,#d9534f,2.7855210922442284,Elderly_vs_Adult,Downregulated,-0.827054019709124,0.0,0.0
L2/3,YWHAH,#d9534f,2.7086676321939693,Elderly_vs_Adult,Downregulated,-0.81571830364084,0.0,0.0
L2/3,YWHAB,#d9534f,1.191068097146434,Elderly_vs_Adult,Downregulated,-0.591875715117062,0.0,0.0
L2/3,NRGN,#d9534f,6.0,Elderly_vs_Adult,Downregulated,-1.4056457124471,0.0,0.0
UBC,L4,#d9534f,2.2351368643439593,Elderly_vs_Adult,Downregulated,-0.74587355845391,1.2324167099193e-283,3.66385163691909e-279
UBC,L5/6,#d9534f,2.2554776590708108,Elderly_vs_Adult,Downregulated,-0.74887378087039,1.31381661513043e-47,3.90584541512125e-43
UBC,L5/6-CC,#d9534f,1.5326707201558079,Elderly_vs_Adult,Downregulated,-0.642261349545011,6.00129146864562e-98,1.78412394071366e-93
UBC,inb-sst,#d9534f,1.0,Elderly_vs_Adult,Downregulated,-0.541707661169377,5.0110142276126e-68,1.48972441972695e-63
UBC,inb-pv,#d9534f,3.2681203939228625,Elderly_vs_Adult,Downregulated,-0.898236353660043,5.96904996245595e-123,1.77453886333853e-118
UBC,inb-sv2c,#d9534f,2.5464941119667865,Elderly_vs_Adult,Downregulated,-0.791798066635411,1.85165801851511e-35,5.50479412324357e-31
UBC,micro,#d9534f,2.8233574079493007,Elderly_vs_Adult,Downregulated,-0.832634792931594,3.24126480965696e-170,9.63595615262919e-166
YWHAB,L4,#d9534f,2.2240164520672967,Elderly_vs_Adult,Downregulated,-0.744233322138615,0.0,0.0
YWHAB,L5/6,#d9534f,2.0669435118654893,Elderly_vs_Adult,Downregulated,-0.721065409451615,1.89007321006098e-84,5.61899864619029e-80
YWHAB,L5/6-CC,#d9534f,1.7119336718766043,Elderly_vs_Adult,Downregulated,-0.668702240051965,4.87281272243536e-131,1.44863849425281e-126
YWHAB,inb-sst,#d9534f,1.150551996539829,Elderly_vs_Adult,Downregulated,-0.585899679524518,2.94273732853525e-76,8.74846380400243e-72
YWHAB,inb-pv,#d9534f,2.1171376233788806,Elderly_vs_Adult,Downregulated,-0.72846893033465,5.75463763324652e-115,1.71079622198786e-110
YWHAB,inb-sv2c,#d9534f,2.439228663040265,Elderly_vs_Adult,Downregulated,-0.775976649197954,2.22841707064218e-44,6.62486110931213e-40
YWHAB,micro,#d9534f,1.3617104096149781,Elderly_vs_Adult,Downregulated,-0.617045080323441,1.71503004563617e-91,5.09861282267176e-87
CALM3,L4,#d9534f,2.8478783306677062,Elderly_vs_Adult,Downregulated,-0.836251575019042,0.0,0.0
CALM3,L5/6,#d9534f,1.9042382715799637,Elderly_vs_Adult,Downregulated,-0.697066744908828,6.6854723878165e-108,1.98752408617397e-103
CALM3,L5/6-CC,#d9534f,1.4763892277791508,Elderly_vs_Adult,Downregulated,-0.633959953393636,2.95691025525515e-177,8.79059849784803e-173
CALM3,inb-sst,#d9534f,1.0,Elderly_vs_Adult,Downregulated,-0.51233798640716,1.04515479000835e-95,3.10714067521582e-91
CALM3,inb-pv,#d9534f,1.895669909808202,Elderly_vs_Adult,Downregulated,-0.695802930421471,4.34251914089794e-144,1.29098751539755e-139
CALM3,inb-sv2c,#d9534f,1.6542085294846443,Elderly_vs_Adult,Downregulated,-0.660187908703336,2.64941514931579e-49,7.87644629740093e-45
CALM3,micro,#d9534f,1.315231960841027,Elderly_vs_Adult,Downregulated,-0.610189611509789,4.73152661398241e-110,1.40663554707083e-105
L4,MDH1,#d9534f,3.0534841468126173,Elderly_vs_Adult,Downregulated,-0.86657798000175,0.0,0.0
L4,AP2M1,#d9534f,4.7070515844672745,Elderly_vs_Adult,Downregulated,-1.11047553465648,0.0,0.0
L4,SOD1,#d9534f,3.115074667559891,Elderly_vs_Adult,Downregulated,-0.875662446143317,0.0,0.0
L4,GAPDH,#d9534f,6.0,Elderly_vs_Adult,Downregulated,-1.37147421266237,0.0,0.0
L4,TUBA1A,#d9534f,6.0,Elderly_vs_Adult,Downregulated,-1.36135425745665,0.0,0.0
L4,STMN1,#d9534f,3.363018270694158,Elderly_vs_Adult,Downregulated,-0.912233581447301,0.0,0.0
L4,NRGN,#d9534f,6.0,Elderly_vs_Adult,Downregulated,-1.32482501788185,0.0,0.0
L4,YWHAH,#d9534f,3.1637290055125655,Elderly_vs_Adult,Downregulated,-0.882838853817886,0.0,0.0
L4,VAMP2,#d9534f,4.993541380813328,Elderly_vs_Adult,Downregulated,-1.15273214855149,0.0,0.0
L4,UBB,#d9534f,2.957125992642575,Elderly_vs_Adult,Downregulated,-0.852365364514806,0.0,0.0
L4,OAZ1,#d9534f,4.8896003644666575,Elderly_vs_Adult,Downregulated,-1.13740107759666,0.0,0.0
L4,CFL1,#d9534f,2.9313640902423748,Elderly_vs_Adult,Downregulated,-0.848565540657864,0.0,0.0
L4,LDHB,#d9534f,3.946809390332514,Elderly_vs_Adult,Downregulated,-0.998341485646778,0.0,0.0
L4,GPX4,#d9534f,4.994943322582074,Elderly_vs_Adult,Downregulated,-1.15293893187425,0.0,0.0
L4,CHCHD2,#d9534f,2.893528452906003,Elderly_vs_Adult,Downregulated,-0.842984867493283,0.0,0.0
L4,CCDC85B,#d9534f,4.2990318053228584,Elderly_vs_Adult,Downregulated,-1.05029351599915,0.0,0.0
L4,EDF1,#d9534f,4.129763027052107,Elderly_vs_Adult,Downregulated,-1.02532674406139,0.0,0.0
L4,PARK7,#d9534f,3.208930928064328,Elderly_vs_Adult,Downregulated,-0.889506037825636,4.00334272145183e-271,1.19015375766041e-266
L4,GABARAPL2,#d9534f,3.6667836250595838,Elderly_vs_Adult,Downregulated,-0.957038302096395,0.0,0.0
OAZ1,L5/6,#d9534f,2.983121836017263,Elderly_vs_Adult,Downregulated,-0.856199694150171,2.62169720204161e-107,7.79404361194949e-103
OAZ1,L5/6-CC,#d9534f,2.5648962224385254,Elderly_vs_Adult,Downregulated,-0.794512337394703,2.50661553106414e-162,7.45191731230057e-158
OAZ1,inb-sst,#d9534f,1.6730781312129153,Elderly_vs_Adult,Downregulated,-0.662971133393199,4.26080857261115e-106,1.26669578055157e-101
OAZ1,inb-pv,#d9534f,4.018550591978769,Elderly_vs_Adult,Downregulated,-1.00892315486151,5.29196787495225e-173,1.57324912954456e-168
OAZ1,inb-sv2c,#d9534f,2.9317564039565704,Elderly_vs_Adult,Downregulated,-0.848623406066538,2.24047049610801e-47,6.66069473787951e-43
OAZ1,micro,#d9534f,1.5410758369759412,Elderly_vs_Adult,Downregulated,-0.643501085761591,4.6955675513868e-96,1.39594527735178e-91
micro,MDH1,#d9534f,4.092139568894509,Elderly_vs_Adult,Downregulated,-1.0197773668583,2.55666918613566e-136,7.60072182346269e-132
micro,AP2M1,#d9534f,2.390652991449885,Elderly_vs_Adult,Downregulated,-0.768811844638541,1.29101437505464e-81,3.83805663559993e-77
micro,SOD1,#d9534f,1.977904854861844,Elderly_vs_Adult,Downregulated,-0.707932403673676,1.31642768595302e-104,3.91360786756974e-100
micro,GAPDH,#d9534f,3.9553820513355844,Elderly_vs_Adult,Downregulated,-0.999605934261283,2.5487335357454e-204,7.57712992841751e-200
micro,TUBA1A,#d9534f,4.7443913248195155,Elderly_vs_Adult,Downregulated,-1.11598306410824,2.81521203339987e-179,8.36934385409448e-175
micro,STMN1,#d9534f,2.2243099152444943,Elderly_vs_Adult,Downregulated,-0.744276607310825,2.90768706304695e-139,8.64426286973228e-135
micro,NRGN,#d9534f,4.577596680590691,Elderly_vs_Adult,Downregulated,-1.09138122149176,7.46906736751063e-251,2.22047903768724e-246
micro,YWHAH,#d9534f,1.621522644507543,Elderly_vs_Adult,Downregulated,-0.655366812668119,1.19205004968837e-116,3.54384559271857e-112
micro,VAMP2,#d9534f,3.5917127900629278,Elderly_vs_Adult,Downregulated,-0.945965519296836,2.48467014710956e-182,7.386675880342e-178
micro,UBB,#d9534f,2.494080949180581,Elderly_vs_Adult,Downregulated,-0.784067240577656,1.62094240165255e-130,4.81889966587286e-126
micro,CFL1,#d9534f,1.6192928819701842,Elderly_vs_Adult,Downregulated,-0.655037927605473,1.01471944145951e-83,3.01665942751499e-79
micro,LDHB,#d9534f,3.7033838903656138,Elderly_vs_Adult,Downregulated,-0.962436760607719,1.48312007923554e-100,4.40916768355934e-96
micro,GPX4,#d9534f,2.3914125191805926,Elderly_vs_Adult,Downregulated,-0.768923873305769,1.43061308089099e-100,4.25306962818083e-96
micro,CHCHD2,#d9534f,1.5297860656370543,Elderly_vs_Adult,Downregulated,-0.641835869357674,1.54433142721046e-80,4.59114289995397e-76
micro,CCDC85B,#d9534f,1.1144280430265503,Elderly_vs_Adult,Downregulated,-0.580571475953428,2.14420749122565e-60,6.37451445066475e-56
micro,EDF1,#d9534f,2.577584973355429,Elderly_vs_Adult,Downregulated,-0.796383900204772,7.36439597300133e-74,2.18936127881357e-69
micro,PARK7,#d9534f,2.7447750493171625,Elderly_vs_Adult,Downregulated,-0.821044068130818,2.01480978107396e-85,5.98982799815479e-81
micro,GABARAPL2,#d9534f,2.393279117113567,Elderly_vs_Adult,Downregulated,-0.76919919238923,2.73865897050688e-90,8.14175925341992e-86
CHCHD2,L5/6,#d9534f,3.1201746588081285,Elderly_vs_Adult,Downregulated,-0.876414683618415,3.51809668789947e-54,1.04589496434563e-49
CHCHD2,L5/6-CC,#d9534f,2.410075244042657,Elderly_vs_Adult,Downregulated,-0.771676584113565,1.59458688171533e-95,4.7405473406515e-91
CHCHD2,inb-sst,#d9534f,1.3425157308975413,Elderly_vs_Adult,Downregulated,-0.61421390749374,1.39370007612014e-78,4.14333095629757e-74
CHCHD2,inb-pv,#d9534f,2.428386493342704,Elderly_vs_Adult,Downregulated,-0.774377453050177,1.96807472564452e-86,5.8508893518686e-82
CHCHD2,inb-sv2c,#d9534f,2.6613969746413293,Elderly_vs_Adult,Downregulated,-0.808745985777371,6.74170646893153e-25,2.00424191614865e-20
GABARAPL2,L5/6,#d9534f,2.2115673908963194,Elderly_vs_Adult,Downregulated,-0.742397113038093,9.63030165340815e-43,2.86299237854171e-38
GABARAPL2,L5/6-CC,#d9534f,1.5405465007805208,Elderly_vs_Adult,Downregulated,-0.643423009838763,4.46685208810506e-73,1.32795045727275e-68
GABARAPL2,inb-sst,#d9534f,1.657844892411624,Elderly_vs_Adult,Downregulated,-0.660724264225059,1.50817687628382e-81,4.48365903550416e-77
GABARAPL2,inb-pv,#d9534f,3.7999201601451116,Elderly_vs_Adult,Downregulated,-0.976675647754713,1.72034644434963e-113,5.11441794440702e-109
GABARAPL2,inb-sv2c,#d9534f,2.726033721059744,Elderly_vs_Adult,Downregulated,-0.818279763495351,6.63943346631959e-31,1.97383717520215e-26
YWHAH,L5/6,#d9534f,2.7477086093703957,Elderly_vs_Adult,Downregulated,-0.821476761776764,6.65022199496545e-105,1.97704449688328e-100
YWHAH,L5/6-CC,#d9534f,2.5270773567007763,Elderly_vs_Adult,Downregulated,-0.788934138003975,1.04291142257628e-197,3.10047136817703e-193
YWHAH,inb-sst,#d9534f,1.2782826045032682,Elderly_vs_Adult,Downregulated,-0.604739662840246,7.38718052150487e-87,2.19613489723818e-82
YWHAH,inb-pv,#d9534f,3.1764993266484174,Elderly_vs_Adult,Downregulated,-0.884722448055571,1.25009381464495e-142,3.71640390155798e-138
YWHAH,inb-sv2c,#d9534f,3.932958946919504,Elderly_vs_Adult,Downregulated,-0.996298575752454,3.5852266651657e-54,1.06585203528711e-49
inb-sst,MDH1,#d9534f,2.8904693044320022,Elderly_vs_Adult,Downregulated,-0.842533649831914,1.69485337450184e-122,5.03862959705653e-118
inb-sst,AP2M1,#d9534f,1.21507552079458,Elderly_vs_Adult,Downregulated,-0.595416757222758,5.12625162877237e-77,1.52398334671774e-72
inb-sst,SOD1,#d9534f,1.0,Elderly_vs_Adult,Downregulated,-0.511759969167962,2.81861529814056e-70,8.37946141984208e-66
inb-sst,GAPDH,#d9534f,4.5534565759013415,Elderly_vs_Adult,Downregulated,-1.08782060922475,2.00740247495539e-196,5.96780681779487e-192
inb-sst,TUBA1A,#d9534f,4.377456021189808,Elderly_vs_Adult,Downregulated,-1.06186091509041,6.33800718521869e-160,1.88422615609366e-155
inb-sst,STMN1,#d9534f,1.0,Elderly_vs_Adult,Downregulated,-0.509672663153513,2.1192115742364e-82,6.30020408904741e-78
inb-sst,NRGN,#d9534f,1.717990538909271,Elderly_vs_Adult,Downregulated,-0.669595614597506,3.82560790925343e-91,1.13731497534195e-86
inb-sst,VAMP2,#d9534f,2.33927005681434,Elderly_vs_Adult,Downregulated,-0.761232974963671,1.2882300031551e-142,3.8297789763798e-138
inb-sst,UBB,#d9534f,1.0,Elderly_vs_Adult,Downregulated,-0.559161123945715,4.28975827058745e-74,1.27530223626294e-69
inb-sst,CFL1,#d9534f,1.0,Elderly_vs_Adult,Downregulated,-0.543212881155953,1.34687892981042e-73,4.0041363704334e-69
inb-sst,LDHB,#d9534f,2.463949251560428,Elderly_vs_Adult,Downregulated,-0.779622881551347,3.32411625069886e-83,9.88226520170263e-79
inb-sst,GPX4,#d9534f,2.7892849014355847,Elderly_vs_Adult,Downregulated,-0.82760917327411,4.77187770412553e-119,1.41863152265948e-114
inb-sst,CCDC85B,#d9534f,1.1402202102983505,Elderly_vs_Adult,Downregulated,-0.584375763812265,1.38196807553067e-85,4.10845289174512e-81
inb-sst,EDF1,#d9534f,3.0171587486281344,Elderly_vs_Adult,Downregulated,-0.86122006378539,1.02881871113891e-96,3.05857514634487e-92
inb-sst,PARK7,#d9534f,1.0,Elderly_vs_Adult,Downregulated,-0.548054173463245,1.57275652399059e-56,4.67564787017163e-52
VAMP2,L5/6,#d9534f,3.834098764615,Elderly_vs_Adult,Downregulated,-0.981716916627025,8.58467458500001e-180,2.55213790737465e-175
VAMP2,L5/6-CC,#d9534f,4.763734994254165,Elderly_vs_Adult,Downregulated,-1.11883621274054,0.0,0.0
VAMP2,inb-pv,#d9534f,4.4670159877504485,Elderly_vs_Adult,Downregulated,-1.07507081287969,1.22032727588836e-303,3.62791095848849e-299
VAMP2,inb-sv2c,#d9534f,4.183881529996664,Elderly_vs_Adult,Downregulated,-1.03330910403606,3.46545846559542e-107,1.03024614723686e-102
GAPDH,L5/6,#d9534f,5.324812671131955,Elderly_vs_Adult,Downregulated,-1.20159393416492,1.16506317201968e-162,3.4636163040973e-158
GAPDH,L5/6-CC,#d9534f,5.882835454702539,Elderly_vs_Adult,Downregulated,-1.28390106555566,0.0,0.0
GAPDH,inb-pv,#d9534f,6.0,Elderly_vs_Adult,Downregulated,-1.37217779943372,0.0,0.0
GAPDH,inb-sv2c,#d9534f,5.693831465927458,Elderly_vs_Adult,Downregulated,-1.25602339354029,8.83071035095029e-104,2.62528188023401e-99
UBB,L5/6,#d9534f,2.447431139151339,Elderly_vs_Adult,Downregulated,-0.777186496356315,1.11573980728401e-66,3.31698287307463e-62
UBB,L5/6-CC,#d9534f,1.9288089985728603,Elderly_vs_Adult,Downregulated,-0.700690873017057,2.99503062651256e-91,8.9039265495592e-87
UBB,inb-pv,#d9534f,3.4631148443896707,Elderly_vs_Adult,Downregulated,-0.92699760557944,6.37749305952184e-119,1.89596491166525e-114
UBB,inb-sv2c,#d9534f,3.6118994949782963,Elderly_vs_Adult,Downregulated,-0.948943013805544,1.72598231972535e-39,5.1311728383115e-35
AP2M1,L5/6,#d9534f,3.1135693669244855,Elderly_vs_Adult,Downregulated,-0.875440417615399,1.21737103809955e-84,3.61912235916616e-80
AP2M1,L5/6-CC,#d9534f,2.458688915450394,Elderly_vs_Adult,Downregulated,-0.778846993562334,1.30616082835145e-133,3.88308552660603e-129
AP2M1,inb-pv,#d9534f,3.917088798575895,Elderly_vs_Adult,Downregulated,-0.993957763829776,3.7735623548615e-153,1.12184235247677e-148
AP2M1,inb-sv2c,#d9534f,3.7869206499528003,Elderly_vs_Adult,Downregulated,-0.974758248636047,1.54940258849402e-44,4.60621895533387e-40
TUBA1A,L5/6,#d9534f,5.712135095320748,Elderly_vs_Adult,Downregulated,-1.25872313855744,4.38523553038231e-177,1.30368667082736e-172
TUBA1A,L5/6-CC,#d9534f,5.71882854106639,Elderly_vs_Adult,Downregulated,-1.25971040706092,0.0,0.0
TUBA1A,inb-pv,#d9534f,5.370852150799519,Elderly_vs_Adult,Downregulated,-1.20838465600232,2.52922103862409e-172,7.51912122572557e-168
TUBA1A,inb-sv2c,#d9534f,5.342020579098717,Elderly_vs_Adult,Downregulated,-1.20413206268526,1.05904426404893e-53,3.14843269259107e-49
L5/6,MDH1,#d9534f,2.5853137327751097,Elderly_vs_Adult,Downregulated,-0.797523875194633,4.11890611061913e-85,1.22450959762596e-80
L5/6,SOD1,#d9534f,2.5510053245403497,Elderly_vs_Adult,Downregulated,-0.792463460552928,1.05032899137428e-58,3.12252305845661e-54
L5/6,STMN1,#d9534f,2.7493972452429483,Elderly_vs_Adult,Downregulated,-0.821725831848319,1.00706170698598e-109,2.99389374869861e-105
L5/6,NRGN,#d9534f,6.0,Elderly_vs_Adult,Downregulated,-1.30929471664653,0.0,0.0
L5/6,CFL1,#d9534f,2.3461820477397106,Elderly_vs_Adult,Downregulated,-0.76225247839976,7.52428205823114e-69,2.23689381309154e-64
L5/6,LDHB,#d9534f,2.5976203740693835,Elderly_vs_Adult,Downregulated,-0.799339077677057,1.43279454380102e-67,4.25955489926605e-63
L5/6,GPX4,#d9534f,2.8587288063207588,Elderly_vs_Adult,Downregulated,-0.837851996276958,7.65463753820929e-72,2.27564719373424e-67
L5/6,CCDC85B,#d9534f,2.8837843519356503,Elderly_vs_Adult,Downregulated,-0.841547634063996,1.10764696556792e-69,3.29292366393687e-65
L5/6,EDF1,#d9534f,3.178759336367844,Elderly_vs_Adult,Downregulated,-0.885055794510945,1.80986365516139e-67,5.38054366042929e-63
L5/6,PARK7,#d9534f,2.1824045835947112,Elderly_vs_Adult,Downregulated,-0.738095663199544,2.84234237351843e-47,8.44999964223293e-43
EDF1,L5/6-CC,#d9534f,3.246079292150648,Elderly_vs_Adult,Downregulated,-0.894985339699727,6.19437025800705e-109,1.84152433400292e-104
EDF1,inb-pv,#d9534f,4.487432228577226,Elderly_vs_Adult,Downregulated,-1.07808216342972,7.30761864794329e-120,2.17248194784706e-115
EDF1,inb-sv2c,#d9534f,3.70152950403142,Elderly_vs_Adult,Downregulated,-0.962163242708179,9.9947305533409e-27,2.97133344620272e-22
PARK7,L5/6-CC,#d9534f,1.8443117553648372,Elderly_vs_Adult,Downregulated,-0.688227715770363,2.31337665851403e-64,6.87743746809637e-60
PARK7,inb-pv,#d9534f,2.977391326510019,Elderly_vs_Adult,Downregulated,-0.855354456620745,7.0665056589225e-81,2.10080146734107e-76
PARK7,inb-sv2c,#d9534f,3.3396147311740325,Elderly_vs_Adult,Downregulated,-0.908781610920281,6.0888119292945e-31,1.81014289845996e-26
L5/6-CC,MDH1,#d9534f,1.5366849824978708,Elderly_vs_Adult,Downregulated,-0.64285344439804,5.0693196386149e-114,1.50705803536382e-109
L5/6-CC,SOD1,#d9534f,2.523911801238299,Elderly_vs_Adult,Downregulated,-0.788467225546194,6.82603055177253e-120,2.02931062273645e-115
L5/6-CC,STMN1,#d9534f,2.7989601850991406,Elderly_vs_Adult,Downregulated,-0.829036256302232,1.41301778184181e-208,4.20076056363752e-204
L5/6-CC,NRGN,#d9534f,6.0,Elderly_vs_Adult,Downregulated,-1.3844397197656,0.0,0.0
L5/6-CC,CFL1,#d9534f,2.032874257124552,Elderly_vs_Adult,Downregulated,-0.716040269423453,1.65136239455081e-118,4.90933526276011e-114
L5/6-CC,LDHB,#d9534f,3.581152277793071,Elderly_vs_Adult,Downregulated,-0.944407866999224,6.68935387518053e-137,1.98867801355242e-132
L5/6-CC,GPX4,#d9534f,3.217116597698992,Elderly_vs_Adult,Downregulated,-0.890713406065747,1.75586040823454e-144,5.21999740764045e-140
L5/6-CC,CCDC85B,#d9534f,3.0669640134022846,Elderly_vs_Adult,Downregulated,-0.86856623063092,6.35542873049087e-143,1.88940540728763e-138
MDH1,inb-pv,#d9534f,3.1139957687607467,Elderly_vs_Adult,Downregulated,-0.87550331094699,3.69745679554522e-180,1.09921693074764e-175
MDH1,inb-sv2c,#d9534f,3.3420409096525274,Elderly_vs_Adult,Downregulated,-0.909139466901589,6.227761215476e-55,1.85145113174886e-50
CFL1,inb-pv,#d9534f,2.227060763071607,Elderly_vs_Adult,Downregulated,-0.744682351305888,1.43550747407514e-85,4.26762016967798e-81
CFL1,inb-sv2c,#d9534f,2.495686781808536,Elderly_vs_Adult,Downregulated,-0.784304097353028,9.79693818402025e-33,2.91253175272738e-28
LDHB,inb-pv,#d9534f,4.48289580801241,Elderly_vs_Adult,Downregulated,-1.07741305138902,1.31194487179079e-149,3.90028090934685e-145
LDHB,inb-sv2c,#d9534f,3.4616726301217478,Elderly_vs_Adult,Downregulated,-0.926784882151762,9.1165640571414e-32,2.71026332854757e-27
CCDC85B,inb-pv,#d9534f,3.91646563907578,Elderly_vs_Adult,Downregulated,-0.993865849176175,3.40949916839045e-159,1.0136100077708e-154
CCDC85B,inb-sv2c,#d9534f,4.285131503208816,Elderly_vs_Adult,Downregulated,-1.04824325205625,1.26124005018044e-51,3.74954054518142e-47
NRGN,inb-pv,#d9534f,2.944546058909701,Elderly_vs_Adult,Downregulated,-0.850509851999684,1.60045887799804e-83,4.75800419840037e-79
NRGN,inb-sv2c,#d9534f,4.283795834601176,Elderly_vs_Adult,Downregulated,-1.04804624387877,7.55473596331135e-44,2.24594745453283e-39
SOD1,inb-pv,#d9534f,2.538543870221786,Elderly_vs_Adult,Downregulated,-0.790625423490436,6.72741547999311e-91,1.99999334804715e-86
SOD1,inb-sv2c,#d9534f,1.5858431481986042,Elderly_vs_Adult,Downregulated,-0.65010416555564,5.40398022412548e-21,1.60654928083026e-16
STMN1,inb-pv,#d9534f,1.9376220068071948,Elderly_vs_Adult,Downregulated,-0.701990772318748,8.06246276563299e-103,2.39688955559503e-98
STMN1,inb-sv2c,#d9534f,2.5933036531429186,Elderly_vs_Adult,Downregulated,-0.79870237084907,9.83236125145705e-44,2.92306267644567e-39
inb-sv2c,GPX4,#d9534f,2.5786963472305966,Elderly_vs_Adult,Downregulated,-0.796547825403278,7.51357634029982e-38,2.23371111020773e-33
inb-pv,GPX4,#d9534f,4.507960532990975,Elderly_vs_Adult,Downregulated,-1.08111004311198,3.95997098293365e-186,1.17725977351634e-181
